input,expected_output,metadata
"{\"question\":\"What is 1+1?\"}","{\"answer\":\"2\"}","{\"level\":\"easy\"}"
"{\"question\":\"What is 2+2?\"}","{\"answer\":\"4\"}","{\"level\":\"easy\"}"
"{\"question\":\"What is 3+3?\"}","{\"answer\":\"6\"}","{\"level\":\"easy\"}"
"{\"question\":\"What is 4+4?\"}","{\"answer\":\"8\"}","{\"level\":\"easy\"}"
"{\"question\":\"What is 5+5?\"}","{\"answer\":\"10\"}","{\"level\":\"easy\"}"
"{\"question\":\"What is 6+6?\"}","{\"answer\":\"12\"}","{\"level\":\"easy\"}"
"{\"question\":\"What is 7+7?\"}","{\"answer\":\"14\"}","{\"level\":\"easy\"}"
"{\"question\":\"What is 8+8?\"}","{\"answer\":\"16\"}","{\"level\":\"easy\"}"
"{\"question\":\"What is 9+9?\"}","{\"answer\":\"18\"}","{\"level\":\"easy\"}"
"{\"question\":\"What is 10+10?\"}","{\"answer\":\"20\"}","{\"level\":\"easy\"}"
"{\"question\":\"What is 11+11?\"}","{\"answer\":\"22\"}","{\"level\":\"easy\"}"
"{\"question\":\"What is 12+12?\"}","{\"answer\":\"24\"}","{\"level\":\"easy\"}"
"{\"question\":\"What is 13+13?\"}","{\"answer\":\"26\"}","{\"level\":\"easy\"}"
"{\"question\":\"What is 14+14?\"}","{\"answer\":\"28\"}","{\"level\":\"easy\"}"
"{\"question\":\"What is 15+15?\"}","{\"answer\":\"30\"}","{\"level\":\"easy\"}"
"{\"question\":\"What is 16+16?\"}","{\"answer\":\"32\"}","{\"level\":\"easy\"}"
"{\"question\":\"What is 17+17?\"}","{\"answer\":\"34\"}","{\"level\":\"easy\"}"
"{\"question\":\"What is 18+18?\"}","{\"answer\":\"36\"}","{\"level\":\"easy\"}"
"{\"question\":\"What is 19+19?\"}","{\"answer\":\"38\"}","{\"level\":\"easy\"}"
"{\"question\":\"What is 20+20?\"}","{\"answer\":\"40\"}","{\"level\":\"easy\"}"
"{\"question\":\"What is 21+21?\"}","{\"answer\":\"42\"}","{\"level\":\"easy\"}"
"{\"question\":\"What is 22+22?\"}","{\"answer\":\"44\"}","{\"level\":\"easy\"}"
"{\"question\":\"What is 23+23?\"}","{\"answer\":\"46\"}","{\"level\":\"easy\"}"
"{\"question\":\"What is 24+24?\"}","{\"answer\":\"48\"}","{\"level\":\"easy\"}"
"{\"question\":\"What is 25+25?\"}","{\"answer\":\"50\"}","{\"level\":\"easy\"}"
"{\"question\":\"What is 26+26?\"}","{\"answer\":\"52\"}","{\"level\":\"easy\"}"
"{\"question\":\"What is 27+27?\"}","{\"answer\":\"54\"}","{\"level\":\"easy\"}"
"{\"question\":\"What is 28+28?\"}","{\"answer\":\"56\"}","{\"level\":\"easy\"}"
"{\"question\":\"What is 29+29?\"}","{\"answer\":\"58\"}","{\"level\":\"easy\"}"
"{\"question\":\"What is 30+30?\"}","{\"answer\":\"60\"}","{\"level\":\"easy\"}"
"{\"question\":\"What is 31+31?\"}","{\"answer\":\"62\"}","{\"level\":\"easy\"}"
"{\"question\":\"What is 32+32?\"}","{\"answer\":\"64\"}","{\"level\":\"easy\"}"
"{\"question\":\"What is 33+33?\"}","{\"answer\":\"66\"}","{\"level\":\"easy\"}"
"{\"question\":\"What is 34+34?\"}","{\"answer\":\"68\"}","{\"level\":\"easy\"}"
"{\"question\":\"What is 35+35?\"}","{\"answer\":\"70\"}","{\"level\":\"easy\"}"
"{\"question\":\"What is 36+36?\"}","{\"answer\":\"72\"}","{\"level\":\"easy\"}"
"{\"question\":\"What is 37+37?\"}","{\"answer\":\"74\"}","{\"level\":\"easy\"}"
"{\"question\":\"What is 38+38?\"}","{\"answer\":\"76\"}","{\"level\":\"easy\"}"
"{\"question\":\"What is 39+39?\"}","{\"answer\":\"78\"}","{\"level\":\"easy\"}"
"{\"question\":\"What is 40+40?\"}","{\"answer\":\"80\"}","{\"level\":\"easy\"}"
"{\"question\":\"What is 41+41?\"}","{\"answer\":\"82\"}","{\"level\":\"easy\"}"
"{\"question\":\"What is 42+42?\"}","{\"answer\":\"84\"}","{\"level\":\"easy\"}"
"{\"question\":\"What is 43+43?\"}","{\"answer\":\"86\"}","{\"level\":\"easy\"}"
"{\"question\":\"What is 44+44?\"}","{\"answer\":\"88\"}","{\"level\":\"easy\"}"
"{\"question\":\"What is 45+45?\"}","{\"answer\":\"90\"}","{\"level\":\"easy\"}"
"{\"question\":\"What is 46+46?\"}","{\"answer\":\"92\"}","{\"level\":\"easy\"}"
"{\"question\":\"What is 47+47?\"}","{\"answer\":\"94\"}","{\"level\":\"easy\"}"
"{\"question\":\"What is 48+48?\"}","{\"answer\":\"96\"}","{\"level\":\"easy\"}"
"{\"question\":\"What is 49+49?\"}","{\"answer\":\"98\"}","{\"level\":\"easy\"}"
"{\"question\":\"What is 50+50?\"}","{\"answer\":\"100\"}","{\"level\":\"easy\"}"
"{\"question\":\"What is 51+51?\"}","{\"answer\":\"102\"}","{\"level\":\"easy\"}"
"{\"question\":\"What is 52+52?\"}","{\"answer\":\"104\"}","{\"level\":\"easy\"}"
"{\"question\":\"What is 53+53?\"}","{\"answer\":\"106\"}","{\"level\":\"easy\"}"
"{\"question\":\"What is 54+54?\"}","{\"answer\":\"108\"}","{\"level\":\"easy\"}"
"{\"question\":\"What is 55+55?\"}","{\"answer\":\"110\"}","{\"level\":\"easy\"}"
"{\"question\":\"What is 56+56?\"}","{\"answer\":\"112\"}","{\"level\":\"easy\"}"
"{\"question\":\"What is 57+57?\"}","{\"answer\":\"114\"}","{\"level\":\"easy\"}"
"{\"question\":\"What is 58+58?\"}","{\"answer\":\"116\"}","{\"level\":\"easy\"}"
"{\"question\":\"What is 59+59?\"}","{\"answer\":\"118\"}","{\"level\":\"easy\"}"
"{\"question\":\"What is 60+60?\"}","{\"answer\":\"120\"}","{\"level\":\"easy\"}"
"{\"question\":\"What is 61+61?\"}","{\"answer\":\"122\"}","{\"level\":\"easy\"}"
"{\"question\":\"What is 62+62?\"}","{\"answer\":\"124\"}","{\"level\":\"easy\"}"
"{\"question\":\"What is 63+63?\"}","{\"answer\":\"126\"}","{\"level\":\"easy\"}"
"{\"question\":\"What is 64+64?\"}","{\"answer\":\"128\"}","{\"level\":\"easy\"}"
"{\"question\":\"What is 65+65?\"}","{\"answer\":\"130\"}","{\"level\":\"easy\"}"
"{\"question\":\"What is 66+66?\"}","{\"answer\":\"132\"}","{\"level\":\"easy\"}"
"{\"question\":\"What is 67+67?\"}","{\"answer\":\"134\"}","{\"level\":\"easy\"}"
"{\"question\":\"What is 68+68?\"}","{\"answer\":\"136\"}","{\"level\":\"easy\"}"
"{\"question\":\"What is 69+69?\"}","{\"answer\":\"138\"}","{\"level\":\"easy\"}"
"{\"question\":\"What is 70+70?\"}","{\"answer\":\"140\"}","{\"level\":\"easy\"}"
"{\"question\":\"What is 71+71?\"}","{\"answer\":\"142\"}","{\"level\":\"easy\"}"
"{\"question\":\"What is 72+72?\"}","{\"answer\":\"144\"}","{\"level\":\"easy\"}"
"{\"question\":\"What is 73+73?\"}","{\"answer\":\"146\"}","{\"level\":\"easy\"}"
"{\"question\":\"What is 74+74?\"}","{\"answer\":\"148\"}","{\"level\":\"easy\"}"
"{\"question\":\"What is 75+75?\"}","{\"answer\":\"150\"}","{\"level\":\"easy\"}"
"{\"question\":\"What is 76+76?\"}","{\"answer\":\"152\"}","{\"level\":\"easy\"}"
"{\"question\":\"What is 77+77?\"}","{\"answer\":\"154\"}","{\"level\":\"easy\"}"
"{\"question\":\"What is 78+78?\"}","{\"answer\":\"156\"}","{\"level\":\"easy\"}"
"{\"question\":\"What is 79+79?\"}","{\"answer\":\"158\"}","{\"level\":\"easy\"}"
"{\"question\":\"What is 80+80?\"}","{\"answer\":\"160\"}","{\"level\":\"easy\"}"
"{\"question\":\"What is 81+81?\"}","{\"answer\":\"162\"}","{\"level\":\"easy\"}"
"{\"question\":\"What is 82+82?\"}","{\"answer\":\"164\"}","{\"level\":\"easy\"}"
"{\"question\":\"What is 83+83?\"}","{\"answer\":\"166\"}","{\"level\":\"easy\"}"
"{\"question\":\"What is 84+84?\"}","{\"answer\":\"168\"}","{\"level\":\"easy\"}"
"{\"question\":\"What is 85+85?\"}","{\"answer\":\"170\"}","{\"level\":\"easy\"}"
"{\"question\":\"What is 86+86?\"}","{\"answer\":\"172\"}","{\"level\":\"easy\"}"
"{\"question\":\"What is 87+87?\"}","{\"answer\":\"174\"}","{\"level\":\"easy\"}"
"{\"question\":\"What is 88+88?\"}","{\"answer\":\"176\"}","{\"level\":\"easy\"}"
"{\"question\":\"What is 89+89?\"}","{\"answer\":\"178\"}","{\"level\":\"easy\"}"
"{\"question\":\"What is 90+90?\"}","{\"answer\":\"180\"}","{\"level\":\"easy\"}"
"{\"question\":\"What is 91+91?\"}","{\"answer\":\"182\"}","{\"level\":\"easy\"}"
"{\"question\":\"What is 92+92?\"}","{\"answer\":\"184\"}","{\"level\":\"easy\"}"
"{\"question\":\"What is 93+93?\"}","{\"answer\":\"186\"}","{\"level\":\"easy\"}"
"{\"question\":\"What is 94+94?\"}","{\"answer\":\"188\"}","{\"level\":\"easy\"}"
"{\"question\":\"What is 95+95?\"}","{\"answer\":\"190\"}","{\"level\":\"easy\"}"
"{\"question\":\"What is 96+96?\"}","{\"answer\":\"192\"}","{\"level\":\"easy\"}"
"{\"question\":\"What is 97+97?\"}","{\"answer\":\"194\"}","{\"level\":\"easy\"}"
"{\"question\":\"What is 98+98?\"}","{\"answer\":\"196\"}","{\"level\":\"easy\"}"
"{\"question\":\"What is 99+99?\"}","{\"answer\":\"198\"}","{\"level\":\"easy\"}"
"{\"question\":\"What is 100+100?\"}","{\"answer\":\"200\"}","{\"level\":\"easy\"}"
